{"cameraMode":{"drawMode":0,"name":"Shaded","section":"Shading Mode"},"sceneLighting":true,"audioPlay":false,"sceneViewState":{"showFog":true,"showMaterialUpdate":false,"showSkybox":true,"showFlares":true,"showImageEffects":true,"showParticleSystems":true},"in2DMode":false,"pivot":{"x":950.994873046875,"y":93.049072265625,"z":-105.5264892578125},"rotation":{"x":0.16825997829437257,"y":0.2318180948495865,"z":-0.040748681873083118,"w":0.9572296142578125},"size":4530.45166015625,"orthographic":false}