{"cameraMode":{"drawMode":0,"name":"Shaded","section":"Shading Mode"},"sceneLighting":false,"audioPlay":false,"sceneViewState":{"showFog":true,"showMaterialUpdate":false,"showSkybox":true,"showFlares":true,"showImageEffects":true,"showParticleSystems":true},"in2DMode":false,"pivot":{"x":-7.396903991699219,"y":2.634676456451416,"z":-6.477685928344727},"rotation":{"x":0.20303982496261598,"y":-0.09763409197330475,"z":0.020350994542241098,"w":0.9740781784057617},"size":15.187198638916016,"orthographic":false}